sheet_name,table_name,date,value,frequency,agg_sic_code,dataset_code
CDKO,,1800,13.5,annual,,MM23
CDKO,,1801,15.1,annual,,MM23
CDKO,,1802,11.6,annual,,MM23
CDKO,,1803,11.0,annual,,MM23
CDKO,,1804,11.3,annual,,MM23
CDKO,,1805,13.1,annual,,MM23
CDKO,,1806,12.6,annual,,MM23
CDKO,,1807,12.3,annual,,MM23
CDKO,,1808,12.8,annual,,MM23
CDKO,,1809,14.0,annual,,MM23
CDKO,,1810,14.4,annual,,MM23
CDKO,,1811,14.0,annual,,MM23
CDKO,,1812,15.9,annual,,MM23
CDKO,,1813,16.3,annual,,MM23
CDKO,,1814,14.2,annual,,MM23
CDKO,,1815,12.7,annual,,MM23
CDKO,,1816,11.6,annual,,MM23
CDKO,,1817,13.2,annual,,MM23
CDKO,,1818,13.2,annual,,MM23
CDKO,,1819,12.9,annual,,MM23
CDKO,,1820,11.7,annual,,MM23
CDKO,,1821,10.3,annual,,MM23
CDKO,,1822,8.9,annual,,MM23
CDKO,,1823,9.5,annual,,MM23
CDKO,,1824,10.3,annual,,MM23
CDKO,,1825,12.1,annual,,MM23
CDKO,,1826,11.4,annual,,MM23
CDKO,,1827,10.7,annual,,MM23
CDKO,,1828,10.4,annual,,MM23
CDKO,,1829,10.3,annual,,MM23
CDKO,,1830,9.9,annual,,MM23
CDKO,,1831,10.9,annual,,MM23
CDKO,,1832,10.1,annual,,MM23
CDKO,,1833,9.5,annual,,MM23
CDKO,,1834,8.7,annual,,MM23
CDKO,,1835,8.9,annual,,MM23
CDKO,,1836,9.9,annual,,MM23
CDKO,,1837,10.1,annual,,MM23
CDKO,,1838,10.2,annual,,MM23
CDKO,,1839,10.9,annual,,MM23
CDKO,,1840,11.1,annual,,MM23
CDKO,,1841,10.9,annual,,MM23
CDKO,,1842,10.0,annual,,MM23
CDKO,,1843,8.9,annual,,MM23
CDKO,,1844,8.9,annual,,MM23
CDKO,,1845,9.3,annual,,MM23
CDKO,,1846,9.7,annual,,MM23
CDKO,,1847,10.9,annual,,MM23
CDKO,,1848,9.5,annual,,MM23
CDKO,,1849,8.9,annual,,MM23
CDKO,,1850,8.4,annual,,MM23
CDKO,,1851,8.1,annual,,MM23
CDKO,,1852,8.1,annual,,MM23
CDKO,,1853,8.9,annual,,MM23
CDKO,,1854,10.2,annual,,MM23
CDKO,,1855,10.5,annual,,MM23
CDKO,,1856,10.5,annual,,MM23
CDKO,,1857,10.0,annual,,MM23
CDKO,,1858,9.1,annual,,MM23
CDKO,,1859,9.0,annual,,MM23
CDKO,,1860,9.3,annual,,MM23
CDKO,,1861,9.5,annual,,MM23
CDKO,,1862,9.3,annual,,MM23
CDKO,,1863,9.0,annual,,MM23
CDKO,,1864,8.9,annual,,MM23
CDKO,,1865,9.0,annual,,MM23
CDKO,,1866,9.5,annual,,MM23
CDKO,,1867,10.1,annual,,MM23
CDKO,,1868,10.0,annual,,MM23
CDKO,,1869,9.5,annual,,MM23
CDKO,,1870,9.5,annual,,MM23
CDKO,,1871,9.6,annual,,MM23
CDKO,,1872,10.0,annual,,MM23
CDKO,,1873,10.4,annual,,MM23
CDKO,,1874,10.0,annual,,MM23
CDKO,,1875,9.8,annual,,MM23
CDKO,,1876,9.8,annual,,MM23
CDKO,,1877,9.7,annual,,MM23
CDKO,,1878,9.5,annual,,MM23
CDKO,,1879,9.1,annual,,MM23
CDKO,,1880,9.4,annual,,MM23
CDKO,,1881,9.3,annual,,MM23
CDKO,,1882,9.4,annual,,MM23
CDKO,,1883,9.3,annual,,MM23
CDKO,,1884,9.1,annual,,MM23
CDKO,,1885,8.8,annual,,MM23
CDKO,,1886,8.7,annual,,MM23
CDKO,,1887,8.6,annual,,MM23
CDKO,,1888,8.7,annual,,MM23
CDKO,,1889,8.8,annual,,MM23
CDKO,,1890,8.8,annual,,MM23
CDKO,,1891,8.9,annual,,MM23
CDKO,,1892,8.9,annual,,MM23
CDKO,,1893,8.8,annual,,MM23
CDKO,,1894,8.7,annual,,MM23
CDKO,,1895,8.6,annual,,MM23
CDKO,,1896,8.5,annual,,MM23
CDKO,,1897,8.7,annual,,MM23
CDKO,,1898,8.7,annual,,MM23
CDKO,,1899,8.8,annual,,MM23
CDKO,,1900,9.2,annual,,MM23
CDKO,,1901,9.2,annual,,MM23
CDKO,,1902,9.2,annual,,MM23
CDKO,,1903,9.3,annual,,MM23
CDKO,,1904,9.3,annual,,MM23
CDKO,,1905,9.3,annual,,MM23
CDKO,,1906,9.3,annual,,MM23
CDKO,,1907,9.4,annual,,MM23
CDKO,,1908,9.4,annual,,MM23
CDKO,,1909,9.5,annual,,MM23
CDKO,,1910,9.6,annual,,MM23
CDKO,,1911,9.6,annual,,MM23
CDKO,,1912,9.9,annual,,MM23
CDKO,,1913,9.8,annual,,MM23
CDKO,,1914,9.8,annual,,MM23
CDKO,,1915,11.0,annual,,MM23
CDKO,,1916,13.0,annual,,MM23
CDKO,,1917,16.3,annual,,MM23
CDKO,,1918,19.9,annual,,MM23
CDKO,,1919,21.9,annual,,MM23
CDKO,,1920,25.3,annual,,MM23
CDKO,,1921,23.1,annual,,MM23
CDKO,,1922,19.9,annual,,MM23
CDKO,,1923,18.7,annual,,MM23
CDKO,,1924,18.6,annual,,MM23
CDKO,,1925,18.6,annual,,MM23
CDKO,,1926,18.5,annual,,MM23
CDKO,,1927,18.0,annual,,MM23
CDKO,,1928,18.0,annual,,MM23
CDKO,,1929,17.8,annual,,MM23
CDKO,,1930,17.3,annual,,MM23
CDKO,,1931,16.6,annual,,MM23
CDKO,,1932,16.2,annual,,MM23
CDKO,,1933,15.8,annual,,MM23
CDKO,,1934,15.8,annual,,MM23
CDKO,,1935,15.9,annual,,MM23
CDKO,,1936,16.0,annual,,MM23
CDKO,,1937,16.6,annual,,MM23
CDKO,,1938,16.8,annual,,MM23
CDKO,,1939,17.3,annual,,MM23
CDKO,,1940,20.2,annual,,MM23
CDKO,,1941,22.4,annual,,MM23
CDKO,,1942,24.0,annual,,MM23
CDKO,,1943,24.8,annual,,MM23
CDKO,,1944,25.5,annual,,MM23
CDKO,,1945,26.2,annual,,MM23
CDKO,,1946,27.0,annual,,MM23
CDKO,,1947,28.9,annual,,MM23
CDKO,,1948,31.1,annual,,MM23
CDKO,,1949,32.0,annual,,MM23
CDKO,,1950,33.0,annual,,MM23
CDKO,,1951,36.0,annual,,MM23
CDKO,,1952,39.3,annual,,MM23
CDKO,,1953,40.5,annual,,MM23
CDKO,,1954,41.3,annual,,MM23
CDKO,,1955,43.1,annual,,MM23
CDKO,,1956,45.3,annual,,MM23
CDKO,,1957,46.9,annual,,MM23
CDKO,,1958,48.4,annual,,MM23
CDKO,,1959,48.6,annual,,MM23
CDKO,,1960,49.1,annual,,MM23
CDKO,,1961,50.8,annual,,MM23
CDKO,,1962,53.0,annual,,MM23
CDKO,,1963,54.0,annual,,MM23
CDKO,,1964,55.8,annual,,MM23
CDKO,,1965,58.4,annual,,MM23
CDKO,,1966,60.7,annual,,MM23
CDKO,,1967,62.3,annual,,MM23
CDKO,,1968,65.2,annual,,MM23
CDKO,,1969,68.7,annual,,MM23
CDKO,,1970,73.1,annual,,MM23
CDKO,,1971,80.0,annual,,MM23
CDKO,,1972,85.7,annual,,MM23
CDKO,,1973,93.5,annual,,MM23
CDKO,,1974,108.5,annual,,MM23
CDKO,,1975,134.8,annual,,MM23
CDKO,,1976,157.1,annual,,MM23
CDKO,,1977,182.0,annual,,MM23
CDKO,,1978,197.1,annual,,MM23
CDKO,,1979,223.5,annual,,MM23
CDKO,,1980,263.7,annual,,MM23
CDKO,,1981,295.0,annual,,MM23
CDKO,,1982,320.4,annual,,MM23
CDKO,,1983,335.1,annual,,MM23
CDKO,,1984,351.8,annual,,MM23
CDKO,,1985,373.2,annual,,MM23
CDKO,,1986,385.9,annual,,MM23
CDKO,,1987,402.0,annual,,MM23
CDKO,,1988,421.7,annual,,MM23
CDKO,,1989,454.5,annual,,MM23
CDKO,,1990,497.5,annual,,MM23
CDKO,,1991,526.7,annual,,MM23
CDKO,,1992,546.4,annual,,MM23
CDKO,,1993,555.1,annual,,MM23
CDKO,,1994,568.5,annual,,MM23
CDKO,,1995,588.2,annual,,MM23
CDKO,,1996,602.4,annual,,MM23
CDKO,,1997,621.3,annual,,MM23
CDKO,,1998,642.6,annual,,MM23
CDKO,,1999,652.5,annual,,MM23
CDKO,,2000,671.8,annual,,MM23
CDKO,,2001,683.7,annual,,MM23
CDKO,,2002,695.1,annual,,MM23
CDKO,,2003,715.2,annual,,MM23
CDKO,,2004,736.5,annual,,MM23
CDKO,,2005,757.3,annual,,MM23
CDKO,,2006,781.5,annual,,MM23
CDKO,,2007,815.0,annual,,MM23
CDKO,,2008,847.5,annual,,MM23
CDKO,,2009,843.0,annual,,MM23
CDKO,,2010,881.9,annual,,MM23
CDKO,,2011,927.8,annual,,MM23
CDKO,,2012,957.6,annual,,MM23
CDKO,,2013,986.7,annual,,MM23
CDKO,,2014,1010.0,annual,,MM23
CDKO,,2015,1020.0,annual,,MM23
CDKO,,2016,1037.7,annual,,MM23
CDKO,,2017,1074.9,annual,,MM23
CDKO,,2018,1110.8,annual,,MM23
CDKO,,2019,1139.3,annual,,MM23
CDKO,,2020,1156.4,annual,,MM23
CDKO,,2021,1203.2,annual,,MM23
CDKO,,2022,1342.6,annual,,MM23
CDKO,,2023,1472.7,annual,,MM23
CDKO,,2024,1525.5,annual,,MM23
CDKO,,1947 JUN,28.9,monthly,,MM23
CDKO,,1947 JUL,29.1,monthly,,MM23
CDKO,,1947 AUG,28.9,monthly,,MM23
CDKO,,1947 SEP,29.1,monthly,,MM23
CDKO,,1947 OCT,29.3,monthly,,MM23
CDKO,,1947 NOV,29.9,monthly,,MM23
CDKO,,1947 DEC,30.0,monthly,,MM23
CDKO,,1948 JAN,30.1,monthly,,MM23
CDKO,,1948 FEB,30.7,monthly,,MM23
CDKO,,1948 MAR,30.8,monthly,,MM23
CDKO,,1948 APR,31.2,monthly,,MM23
CDKO,,1948 MAY,31.2,monthly,,MM23
CDKO,,1948 JUN,31.7,monthly,,MM23
CDKO,,1948 JUL,31.2,monthly,,MM23
CDKO,,1948 AUG,31.2,monthly,,MM23
CDKO,,1948 SEP,31.3,monthly,,MM23
CDKO,,1948 OCT,31.3,monthly,,MM23
CDKO,,1948 NOV,31.4,monthly,,MM23
CDKO,,1948 DEC,31.5,monthly,,MM23
CDKO,,1949 JAN,31.5,monthly,,MM23
CDKO,,1949 FEB,31.6,monthly,,MM23
CDKO,,1949 MAR,31.5,monthly,,MM23
CDKO,,1949 APR,31.4,monthly,,MM23
CDKO,,1949 MAY,32.0,monthly,,MM23
CDKO,,1949 JUN,32.1,monthly,,MM23
CDKO,,1949 JUL,32.2,monthly,,MM23
CDKO,,1949 AUG,32.2,monthly,,MM23
CDKO,,1949 SEP,32.3,monthly,,MM23
CDKO,,1949 OCT,32.5,monthly,,MM23
CDKO,,1949 NOV,32.5,monthly,,MM23
CDKO,,1949 DEC,32.6,monthly,,MM23
CDKO,,1950 JAN,32.6,monthly,,MM23
CDKO,,1950 FEB,32.7,monthly,,MM23
CDKO,,1950 MAR,32.8,monthly,,MM23
CDKO,,1950 APR,32.9,monthly,,MM23
CDKO,,1950 MAY,33.0,monthly,,MM23
CDKO,,1950 JUN,32.9,monthly,,MM23
CDKO,,1950 JUL,32.9,monthly,,MM23
CDKO,,1950 AUG,32.7,monthly,,MM23
CDKO,,1950 SEP,32.9,monthly,,MM23
CDKO,,1950 OCT,33.3,monthly,,MM23
CDKO,,1950 NOV,33.4,monthly,,MM23
CDKO,,1950 DEC,33.6,monthly,,MM23
CDKO,,1951 JAN,33.9,monthly,,MM23
CDKO,,1951 FEB,34.2,monthly,,MM23
CDKO,,1951 MAR,34.5,monthly,,MM23
CDKO,,1951 APR,35.0,monthly,,MM23
CDKO,,1951 MAY,35.9,monthly,,MM23
CDKO,,1951 JUN,36.0,monthly,,MM23
CDKO,,1951 JUL,36.6,monthly,,MM23
CDKO,,1951 AUG,36.7,monthly,,MM23
CDKO,,1951 SEP,37.0,monthly,,MM23
CDKO,,1951 OCT,37.2,monthly,,MM23
CDKO,,1951 NOV,37.4,monthly,,MM23
CDKO,,1951 DEC,37.7,monthly,,MM23
CDKO,,1952 JAN,38.3,monthly,,MM23
CDKO,,1952 FEB,38.4,monthly,,MM23
CDKO,,1952 MAR,38.5,monthly,,MM23
CDKO,,1952 APR,39.2,monthly,,MM23
CDKO,,1952 MAY,39.2,monthly,,MM23
CDKO,,1952 JUN,39.8,monthly,,MM23
CDKO,,1952 JUL,39.8,monthly,,MM23
CDKO,,1952 AUG,39.5,monthly,,MM23
CDKO,,1952 SEP,39.5,monthly,,MM23
CDKO,,1952 OCT,39.8,monthly,,MM23
CDKO,,1952 NOV,39.8,monthly,,MM23
CDKO,,1952 DEC,40.0,monthly,,MM23
CDKO,,1953 JAN,40.0,monthly,,MM23
CDKO,,1953 FEB,40.1,monthly,,MM23
CDKO,,1953 MAR,40.4,monthly,,MM23
CDKO,,1953 APR,40.8,monthly,,MM23
CDKO,,1953 MAY,40.6,monthly,,MM23
CDKO,,1953 JUN,40.8,monthly,,MM23
CDKO,,1953 JUL,40.8,monthly,,MM23
CDKO,,1953 AUG,40.6,monthly,,MM23
CDKO,,1953 SEP,40.5,monthly,,MM23
CDKO,,1953 OCT,40.5,monthly,,MM23
CDKO,,1953 NOV,40.6,monthly,,MM23
CDKO,,1953 DEC,40.5,monthly,,MM23
CDKO,,1954 JAN,40.5,monthly,,MM23
CDKO,,1954 FEB,40.5,monthly,,MM23
CDKO,,1954 MAR,40.8,monthly,,MM23
CDKO,,1954 APR,41.0,monthly,,MM23
CDKO,,1954 MAY,40.9,monthly,,MM23
CDKO,,1954 JUN,41.1,monthly,,MM23
CDKO,,1954 JUL,41.8,monthly,,MM23
CDKO,,1954 AUG,41.5,monthly,,MM23
CDKO,,1954 SEP,41.5,monthly,,MM23
CDKO,,1954 OCT,41.7,monthly,,MM23
CDKO,,1954 NOV,41.8,monthly,,MM23
CDKO,,1954 DEC,42.1,monthly,,MM23
CDKO,,1955 JAN,42.2,monthly,,MM23
CDKO,,1955 FEB,42.2,monthly,,MM23
CDKO,,1955 MAR,42.2,monthly,,MM23
CDKO,,1955 APR,42.5,monthly,,MM23
CDKO,,1955 MAY,42.4,monthly,,MM23
CDKO,,1955 JUN,43.3,monthly,,MM23
CDKO,,1955 JUL,43.4,monthly,,MM23
CDKO,,1955 AUG,43.1,monthly,,MM23
CDKO,,1955 SEP,43.4,monthly,,MM23
CDKO,,1955 OCT,43.8,monthly,,MM23
CDKO,,1955 NOV,44.5,monthly,,MM23
CDKO,,1955 DEC,44.5,monthly,,MM23
CDKO,,1956 JAN,44.4,monthly,,MM23
CDKO,,1956 FEB,44.4,monthly,,MM23
CDKO,,1956 MAR,44.9,monthly,,MM23
CDKO,,1956 APR,45.6,monthly,,MM23
CDKO,,1956 MAY,45.5,monthly,,MM23
CDKO,,1956 JUN,45.4,monthly,,MM23
CDKO,,1956 JUL,45.3,monthly,,MM23
CDKO,,1956 AUG,45.4,monthly,,MM23
CDKO,,1956 SEP,45.3,monthly,,MM23
CDKO,,1956 OCT,45.6,monthly,,MM23
CDKO,,1956 NOV,45.7,monthly,,MM23
CDKO,,1956 DEC,45.9,monthly,,MM23
CDKO,,1957 JAN,46.3,monthly,,MM23
CDKO,,1957 FEB,46.3,monthly,,MM23
CDKO,,1957 MAR,46.2,monthly,,MM23
CDKO,,1957 APR,46.4,monthly,,MM23
CDKO,,1957 MAY,46.4,monthly,,MM23
CDKO,,1957 JUN,46.9,monthly,,MM23
CDKO,,1957 JUL,47.3,monthly,,MM23
CDKO,,1957 AUG,47.2,monthly,,MM23
CDKO,,1957 SEP,47.1,monthly,,MM23
CDKO,,1957 OCT,47.5,monthly,,MM23
CDKO,,1957 NOV,47.8,monthly,,MM23
CDKO,,1957 DEC,48.0,monthly,,MM23
CDKO,,1958 JAN,48.0,monthly,,MM23
CDKO,,1958 FEB,47.7,monthly,,MM23
CDKO,,1958 MAR,48.1,monthly,,MM23
CDKO,,1958 APR,48.6,monthly,,MM23
CDKO,,1958 MAY,48.5,monthly,,MM23
CDKO,,1958 JUN,48.9,monthly,,MM23
CDKO,,1958 JUL,48.1,monthly,,MM23
CDKO,,1958 AUG,48.1,monthly,,MM23
CDKO,,1958 SEP,48.1,monthly,,MM23
CDKO,,1958 OCT,48.5,monthly,,MM23
CDKO,,1958 NOV,48.7,monthly,,MM23
CDKO,,1958 DEC,48.9,monthly,,MM23
CDKO,,1959 JAN,49.0,monthly,,MM23
CDKO,,1959 FEB,48.9,monthly,,MM23
CDKO,,1959 MAR,48.9,monthly,,MM23
CDKO,,1959 APR,48.6,monthly,,MM23
CDKO,,1959 MAY,48.4,monthly,,MM23
CDKO,,1959 JUN,48.5,monthly,,MM23
CDKO,,1959 JUL,48.4,monthly,,MM23
CDKO,,1959 AUG,48.5,monthly,,MM23
CDKO,,1959 SEP,48.2,monthly,,MM23
CDKO,,1959 OCT,48.5,monthly,,MM23
CDKO,,1959 NOV,48.8,monthly,,MM23
CDKO,,1959 DEC,48.9,monthly,,MM23
CDKO,,1960 JAN,48.8,monthly,,MM23
CDKO,,1960 FEB,48.8,monthly,,MM23
CDKO,,1960 MAR,48.7,monthly,,MM23
CDKO,,1960 APR,48.9,monthly,,MM23
CDKO,,1960 MAY,48.9,monthly,,MM23
CDKO,,1960 JUN,49.2,monthly,,MM23
CDKO,,1960 JUL,49.3,monthly,,MM23
CDKO,,1960 AUG,49.0,monthly,,MM23
CDKO,,1960 SEP,49.0,monthly,,MM23
CDKO,,1960 OCT,49.4,monthly,,MM23
CDKO,,1960 NOV,49.7,monthly,,MM23
CDKO,,1960 DEC,49.8,monthly,,MM23
CDKO,,1961 JAN,49.8,monthly,,MM23
CDKO,,1961 FEB,49.8,monthly,,MM23
CDKO,,1961 MAR,50.0,monthly,,MM23
CDKO,,1961 APR,50.3,monthly,,MM23
CDKO,,1961 MAY,50.4,monthly,,MM23
CDKO,,1961 JUN,50.9,monthly,,MM23
CDKO,,1961 JUL,50.9,monthly,,MM23
CDKO,,1961 AUG,51.3,monthly,,MM23
CDKO,,1961 SEP,51.3,monthly,,MM23
CDKO,,1961 OCT,51.3,monthly,,MM23
CDKO,,1961 NOV,51.9,monthly,,MM23
CDKO,,1961 DEC,52.0,monthly,,MM23
CDKO,,1962 JAN,52.1,monthly,,MM23
CDKO,,1962 FEB,52.2,monthly,,MM23
CDKO,,1962 MAR,52.4,monthly,,MM23
CDKO,,1962 APR,53.1,monthly,,MM23
CDKO,,1962 MAY,53.3,monthly,,MM23
CDKO,,1962 JUN,53.6,monthly,,MM23
CDKO,,1962 JUL,53.4,monthly,,MM23
CDKO,,1962 AUG,53.0,monthly,,MM23
CDKO,,1962 SEP,52.9,monthly,,MM23
CDKO,,1962 OCT,52.9,monthly,,MM23
CDKO,,1962 NOV,53.1,monthly,,MM23
CDKO,,1962 DEC,53.3,monthly,,MM23
CDKO,,1963 JAN,53.5,monthly,,MM23
CDKO,,1963 FEB,54.0,monthly,,MM23
CDKO,,1963 MAR,54.1,monthly,,MM23
CDKO,,1963 APR,54.2,monthly,,MM23
CDKO,,1963 MAY,54.2,monthly,,MM23
CDKO,,1963 JUN,54.2,monthly,,MM23
CDKO,,1963 JUL,53.9,monthly,,MM23
CDKO,,1963 AUG,53.7,monthly,,MM23
CDKO,,1963 SEP,53.9,monthly,,MM23
CDKO,,1963 OCT,54.1,monthly,,MM23
CDKO,,1963 NOV,54.2,monthly,,MM23
CDKO,,1963 DEC,54.3,monthly,,MM23
CDKO,,1964 JAN,54.6,monthly,,MM23
CDKO,,1964 FEB,54.6,monthly,,MM23
CDKO,,1964 MAR,54.8,monthly,,MM23
CDKO,,1964 APR,55.3,monthly,,MM23
CDKO,,1964 MAY,55.8,monthly,,MM23
CDKO,,1964 JUN,56.0,monthly,,MM23
CDKO,,1964 JUL,56.0,monthly,,MM23
CDKO,,1964 AUG,56.2,monthly,,MM23
CDKO,,1964 SEP,56.2,monthly,,MM23
CDKO,,1964 OCT,56.3,monthly,,MM23
CDKO,,1964 NOV,56.7,monthly,,MM23
CDKO,,1964 DEC,56.9,monthly,,MM23
CDKO,,1965 JAN,57.1,monthly,,MM23
CDKO,,1965 FEB,57.1,monthly,,MM23
CDKO,,1965 MAR,57.3,monthly,,MM23
CDKO,,1965 APR,58.4,monthly,,MM23
CDKO,,1965 MAY,58.6,monthly,,MM23
CDKO,,1965 JUN,58.8,monthly,,MM23
CDKO,,1965 JUL,58.8,monthly,,MM23
CDKO,,1965 AUG,58.9,monthly,,MM23
CDKO,,1965 SEP,58.9,monthly,,MM23
CDKO,,1965 OCT,59.0,monthly,,MM23
CDKO,,1965 NOV,59.2,monthly,,MM23
CDKO,,1965 DEC,59.5,monthly,,MM23
CDKO,,1966 JAN,59.6,monthly,,MM23
CDKO,,1966 FEB,59.6,monthly,,MM23
CDKO,,1966 MAR,59.7,monthly,,MM23
CDKO,,1966 APR,60.5,monthly,,MM23
CDKO,,1966 MAY,60.9,monthly,,MM23
CDKO,,1966 JUN,61.1,monthly,,MM23
CDKO,,1966 JUL,60.8,monthly,,MM23
CDKO,,1966 AUG,61.2,monthly,,MM23
CDKO,,1966 SEP,61.1,monthly,,MM23
CDKO,,1966 OCT,61.2,monthly,,MM23
CDKO,,1966 NOV,61.6,monthly,,MM23
CDKO,,1966 DEC,61.7,monthly,,MM23
CDKO,,1967 JAN,61.8,monthly,,MM23
CDKO,,1967 FEB,61.8,monthly,,MM23
CDKO,,1967 MAR,61.8,monthly,,MM23
CDKO,,1967 APR,62.3,monthly,,MM23
CDKO,,1967 MAY,62.3,monthly,,MM23
CDKO,,1967 JUN,62.5,monthly,,MM23
CDKO,,1967 JUL,62.1,monthly,,MM23
CDKO,,1967 AUG,62.0,monthly,,MM23
CDKO,,1967 SEP,61.9,monthly,,MM23
CDKO,,1967 OCT,62.4,monthly,,MM23
CDKO,,1967 NOV,62.8,monthly,,MM23
CDKO,,1967 DEC,63.2,monthly,,MM23
CDKO,,1968 JAN,63.4,monthly,,MM23
CDKO,,1968 FEB,63.7,monthly,,MM23
CDKO,,1968 MAR,63.9,monthly,,MM23
CDKO,,1968 APR,65.1,monthly,,MM23
CDKO,,1968 MAY,65.1,monthly,,MM23
CDKO,,1968 JUN,65.4,monthly,,MM23
CDKO,,1968 JUL,65.4,monthly,,MM23
CDKO,,1968 AUG,65.5,monthly,,MM23
CDKO,,1968 SEP,65.6,monthly,,MM23
CDKO,,1968 OCT,65.9,monthly,,MM23
CDKO,,1968 NOV,66.1,monthly,,MM23
CDKO,,1968 DEC,66.9,monthly,,MM23
CDKO,,1969 JAN,67.3,monthly,,MM23
CDKO,,1969 FEB,67.7,monthly,,MM23
CDKO,,1969 MAR,67.9,monthly,,MM23
CDKO,,1969 APR,68.7,monthly,,MM23
CDKO,,1969 MAY,68.6,monthly,,MM23
CDKO,,1969 JUN,68.9,monthly,,MM23
CDKO,,1969 JUL,68.9,monthly,,MM23
CDKO,,1969 AUG,68.7,monthly,,MM23
CDKO,,1969 SEP,68.9,monthly,,MM23
CDKO,,1969 OCT,69.4,monthly,,MM23
CDKO,,1969 NOV,69.6,monthly,,MM23
CDKO,,1969 DEC,70.1,monthly,,MM23
CDKO,,1970 JAN,70.6,monthly,,MM23
CDKO,,1970 FEB,71.0,monthly,,MM23
CDKO,,1970 MAR,71.4,monthly,,MM23
CDKO,,1970 APR,72.5,monthly,,MM23
CDKO,,1970 MAY,72.7,monthly,,MM23
CDKO,,1970 JUN,72.9,monthly,,MM23
CDKO,,1970 JUL,73.5,monthly,,MM23
CDKO,,1970 AUG,73.4,monthly,,MM23
CDKO,,1970 SEP,73.8,monthly,,MM23
CDKO,,1970 OCT,74.6,monthly,,MM23
CDKO,,1970 NOV,75.1,monthly,,MM23
CDKO,,1970 DEC,75.6,monthly,,MM23
CDKO,,1971 JAN,76.6,monthly,,MM23
CDKO,,1971 FEB,77.1,monthly,,MM23
CDKO,,1971 MAR,77.7,monthly,,MM23
CDKO,,1971 APR,79.4,monthly,,MM23
CDKO,,1971 MAY,79.9,monthly,,MM23
CDKO,,1971 JUN,80.4,monthly,,MM23
CDKO,,1971 JUL,80.9,monthly,,MM23
CDKO,,1971 AUG,81.0,monthly,,MM23
CDKO,,1971 SEP,81.1,monthly,,MM23
CDKO,,1971 OCT,81.5,monthly,,MM23
CDKO,,1971 NOV,82.0,monthly,,MM23
CDKO,,1971 DEC,82.4,monthly,,MM23
CDKO,,1972 JAN,82.9,monthly,,MM23
CDKO,,1972 FEB,83.3,monthly,,MM23
CDKO,,1972 MAR,83.6,monthly,,MM23
CDKO,,1972 APR,84.4,monthly,,MM23
CDKO,,1972 MAY,84.8,monthly,,MM23
CDKO,,1972 JUN,85.3,monthly,,MM23
CDKO,,1972 JUL,85.6,monthly,,MM23
CDKO,,1972 AUG,86.3,monthly,,MM23
CDKO,,1972 SEP,86.8,monthly,,MM23
CDKO,,1972 OCT,88.0,monthly,,MM23
CDKO,,1972 NOV,88.3,monthly,,MM23
CDKO,,1972 DEC,88.7,monthly,,MM23
CDKO,,1973 JAN,89.3,monthly,,MM23
CDKO,,1973 FEB,89.9,monthly,,MM23
CDKO,,1973 MAR,90.4,monthly,,MM23
CDKO,,1973 APR,92.1,monthly,,MM23
CDKO,,1973 MAY,92.8,monthly,,MM23
CDKO,,1973 JUN,93.3,monthly,,MM23
CDKO,,1973 JUL,93.7,monthly,,MM23
CDKO,,1973 AUG,94.0,monthly,,MM23
CDKO,,1973 SEP,94.8,monthly,,MM23
CDKO,,1973 OCT,96.7,monthly,,MM23
CDKO,,1973 NOV,97.4,monthly,,MM23
CDKO,,1973 DEC,98.1,monthly,,MM23
CDKO,,1974 JAN,100.0,monthly,,MM23
CDKO,,1974 FEB,101.7,monthly,,MM23
CDKO,,1974 MAR,102.6,monthly,,MM23
CDKO,,1974 APR,106.1,monthly,,MM23
CDKO,,1974 MAY,107.6,monthly,,MM23
CDKO,,1974 JUN,108.7,monthly,,MM23
CDKO,,1974 JUL,109.7,monthly,,MM23
CDKO,,1974 AUG,109.8,monthly,,MM23
CDKO,,1974 SEP,111.0,monthly,,MM23
CDKO,,1974 OCT,113.2,monthly,,MM23
CDKO,,1974 NOV,115.2,monthly,,MM23
CDKO,,1974 DEC,116.9,monthly,,MM23
CDKO,,1975 JAN,119.9,monthly,,MM23
CDKO,,1975 FEB,121.9,monthly,,MM23
CDKO,,1975 MAR,124.3,monthly,,MM23
CDKO,,1975 APR,129.1,monthly,,MM23
CDKO,,1975 MAY,134.5,monthly,,MM23
CDKO,,1975 JUN,137.1,monthly,,MM23
CDKO,,1975 JUL,138.5,monthly,,MM23
CDKO,,1975 AUG,139.3,monthly,,MM23
CDKO,,1975 SEP,140.5,monthly,,MM23
CDKO,,1975 OCT,142.5,monthly,,MM23
CDKO,,1975 NOV,144.2,monthly,,MM23
CDKO,,1975 DEC,146.0,monthly,,MM23
CDKO,,1976 JAN,147.9,monthly,,MM23
CDKO,,1976 FEB,149.8,monthly,,MM23
CDKO,,1976 MAR,150.6,monthly,,MM23
CDKO,,1976 APR,153.5,monthly,,MM23
CDKO,,1976 MAY,155.2,monthly,,MM23
CDKO,,1976 JUN,156.0,monthly,,MM23
CDKO,,1976 JUL,156.3,monthly,,MM23
CDKO,,1976 AUG,158.5,monthly,,MM23
CDKO,,1976 SEP,160.6,monthly,,MM23
CDKO,,1976 OCT,163.5,monthly,,MM23
CDKO,,1976 NOV,165.8,monthly,,MM23
CDKO,,1976 DEC,168.0,monthly,,MM23
CDKO,,1977 JAN,172.4,monthly,,MM23
CDKO,,1977 FEB,174.1,monthly,,MM23
CDKO,,1977 MAR,175.8,monthly,,MM23
CDKO,,1977 APR,180.3,monthly,,MM23
CDKO,,1977 MAY,181.7,monthly,,MM23
CDKO,,1977 JUN,183.6,monthly,,MM23
CDKO,,1977 JUL,183.8,monthly,,MM23
CDKO,,1977 AUG,184.7,monthly,,MM23
CDKO,,1977 SEP,185.7,monthly,,MM23
CDKO,,1977 OCT,186.5,monthly,,MM23
CDKO,,1977 NOV,187.4,monthly,,MM23
CDKO,,1977 DEC,188.4,monthly,,MM23
CDKO,,1978 JAN,189.5,monthly,,MM23
CDKO,,1978 FEB,190.6,monthly,,MM23
CDKO,,1978 MAR,191.8,monthly,,MM23
CDKO,,1978 APR,194.6,monthly,,MM23
CDKO,,1978 MAY,195.7,monthly,,MM23
CDKO,,1978 JUN,197.2,monthly,,MM23
CDKO,,1978 JUL,198.1,monthly,,MM23
CDKO,,1978 AUG,199.4,monthly,,MM23
CDKO,,1978 SEP,200.2,monthly,,MM23
CDKO,,1978 OCT,201.1,monthly,,MM23
CDKO,,1978 NOV,202.5,monthly,,MM23
CDKO,,1978 DEC,204.2,monthly,,MM23
CDKO,,1979 JAN,207.2,monthly,,MM23
CDKO,,1979 FEB,208.9,monthly,,MM23
CDKO,,1979 MAR,210.6,monthly,,MM23
CDKO,,1979 APR,214.2,monthly,,MM23
CDKO,,1979 MAY,215.9,monthly,,MM23
CDKO,,1979 JUN,219.6,monthly,,MM23
CDKO,,1979 JUL,229.1,monthly,,MM23
CDKO,,1979 AUG,230.9,monthly,,MM23
CDKO,,1979 SEP,233.2,monthly,,MM23
CDKO,,1979 OCT,235.6,monthly,,MM23
CDKO,,1979 NOV,237.7,monthly,,MM23
CDKO,,1979 DEC,239.4,monthly,,MM23
CDKO,,1980 JAN,245.3,monthly,,MM23
CDKO,,1980 FEB,248.8,monthly,,MM23
CDKO,,1980 MAR,252.2,monthly,,MM23
CDKO,,1980 APR,260.8,monthly,,MM23
CDKO,,1980 MAY,263.2,monthly,,MM23
CDKO,,1980 JUN,265.7,monthly,,MM23
CDKO,,1980 JUL,267.9,monthly,,MM23
CDKO,,1980 AUG,268.5,monthly,,MM23
CDKO,,1980 SEP,270.2,monthly,,MM23
CDKO,,1980 OCT,271.9,monthly,,MM23
CDKO,,1980 NOV,274.1,monthly,,MM23
CDKO,,1980 DEC,275.6,monthly,,MM23
CDKO,,1981 JAN,277.3,monthly,,MM23
CDKO,,1981 FEB,279.8,monthly,,MM23
CDKO,,1981 MAR,284.0,monthly,,MM23
CDKO,,1981 APR,292.2,monthly,,MM23
CDKO,,1981 MAY,294.1,monthly,,MM23
CDKO,,1981 JUN,295.8,monthly,,MM23
CDKO,,1981 JUL,297.1,monthly,,MM23
CDKO,,1981 AUG,299.3,monthly,,MM23
CDKO,,1981 SEP,301.0,monthly,,MM23
CDKO,,1981 OCT,303.7,monthly,,MM23
CDKO,,1981 NOV,306.9,monthly,,MM23
CDKO,,1981 DEC,308.8,monthly,,MM23
CDKO,,1982 JAN,310.6,monthly,,MM23
CDKO,,1982 FEB,310.7,monthly,,MM23
CDKO,,1982 MAR,313.4,monthly,,MM23
CDKO,,1982 APR,319.7,monthly,,MM23
CDKO,,1982 MAY,322.0,monthly,,MM23
CDKO,,1982 JUN,322.9,monthly,,MM23
CDKO,,1982 JUL,323.0,monthly,,MM23
CDKO,,1982 AUG,323.1,monthly,,MM23
CDKO,,1982 SEP,322.9,monthly,,MM23
CDKO,,1982 OCT,324.5,monthly,,MM23
CDKO,,1982 NOV,326.1,monthly,,MM23
CDKO,,1982 DEC,325.5,monthly,,MM23
CDKO,,1983 JAN,325.9,monthly,,MM23
CDKO,,1983 FEB,327.3,monthly,,MM23
CDKO,,1983 MAR,327.9,monthly,,MM23
CDKO,,1983 APR,332.5,monthly,,MM23
CDKO,,1983 MAY,333.9,monthly,,MM23
CDKO,,1983 JUN,334.7,monthly,,MM23
CDKO,,1983 JUL,336.5,monthly,,MM23
CDKO,,1983 AUG,338.0,monthly,,MM23
CDKO,,1983 SEP,339.5,monthly,,MM23
CDKO,,1983 OCT,340.7,monthly,,MM23
CDKO,,1983 NOV,341.9,monthly,,MM23
CDKO,,1983 DEC,342.8,monthly,,MM23
CDKO,,1984 JAN,342.6,monthly,,MM23
CDKO,,1984 FEB,344.0,monthly,,MM23
CDKO,,1984 MAR,345.1,monthly,,MM23
CDKO,,1984 APR,349.7,monthly,,MM23
CDKO,,1984 MAY,351.0,monthly,,MM23
CDKO,,1984 JUN,351.9,monthly,,MM23
CDKO,,1984 JUL,351.5,monthly,,MM23
CDKO,,1984 AUG,354.8,monthly,,MM23
CDKO,,1984 SEP,355.5,monthly,,MM23
CDKO,,1984 OCT,357.7,monthly,,MM23
CDKO,,1984 NOV,358.8,monthly,,MM23
CDKO,,1984 DEC,358.5,monthly,,MM23
CDKO,,1985 JAN,359.8,monthly,,MM23
CDKO,,1985 FEB,362.7,monthly,,MM23
CDKO,,1985 MAR,366.1,monthly,,MM23
CDKO,,1985 APR,373.9,monthly,,MM23
CDKO,,1985 MAY,375.6,monthly,,MM23
CDKO,,1985 JUN,376.4,monthly,,MM23
CDKO,,1985 JUL,375.7,monthly,,MM23
CDKO,,1985 AUG,376.7,monthly,,MM23
CDKO,,1985 SEP,376.5,monthly,,MM23
CDKO,,1985 OCT,377.1,monthly,,MM23
CDKO,,1985 NOV,378.4,monthly,,MM23
CDKO,,1985 DEC,378.9,monthly,,MM23
CDKO,,1986 JAN,379.7,monthly,,MM23
CDKO,,1986 FEB,381.1,monthly,,MM23
CDKO,,1986 MAR,381.6,monthly,,MM23
CDKO,,1986 APR,385.3,monthly,,MM23
CDKO,,1986 MAY,386.0,monthly,,MM23
CDKO,,1986 JUN,385.8,monthly,,MM23
CDKO,,1986 JUL,384.7,monthly,,MM23
CDKO,,1986 AUG,385.9,monthly,,MM23
CDKO,,1986 SEP,387.8,monthly,,MM23
CDKO,,1986 OCT,388.4,monthly,,MM23
CDKO,,1986 NOV,391.7,monthly,,MM23
CDKO,,1986 DEC,393.0,monthly,,MM23
CDKO,,1987 JAN,394.5,monthly,,MM23
CDKO,,1987 FEB,396.1,monthly,,MM23
CDKO,,1987 MAR,396.9,monthly,,MM23
CDKO,,1987 APR,401.6,monthly,,MM23
CDKO,,1987 MAY,402.0,monthly,,MM23
CDKO,,1987 JUN,402.0,monthly,,MM23
CDKO,,1987 JUL,401.6,monthly,,MM23
CDKO,,1987 AUG,402.8,monthly,,MM23
CDKO,,1987 SEP,404.0,monthly,,MM23
CDKO,,1987 OCT,405.9,monthly,,MM23
CDKO,,1987 NOV,407.9,monthly,,MM23
CDKO,,1987 DEC,407.5,monthly,,MM23
CDKO,,1988 JAN,407.5,monthly,,MM23
CDKO,,1988 FEB,409.1,monthly,,MM23
CDKO,,1988 MAR,410.7,monthly,,MM23
CDKO,,1988 APR,417.4,monthly,,MM23
CDKO,,1988 MAY,419.0,monthly,,MM23
CDKO,,1988 JUN,420.5,monthly,,MM23
CDKO,,1988 JUL,420.9,monthly,,MM23
CDKO,,1988 AUG,425.7,monthly,,MM23
CDKO,,1988 SEP,427.6,monthly,,MM23
CDKO,,1988 OCT,432.0,monthly,,MM23
CDKO,,1988 NOV,434.0,monthly,,MM23
CDKO,,1988 DEC,435.1,monthly,,MM23
CDKO,,1989 JAN,437.9,monthly,,MM23
CDKO,,1989 FEB,441.1,monthly,,MM23
CDKO,,1989 MAR,443.0,monthly,,MM23
CDKO,,1989 APR,450.9,monthly,,MM23
CDKO,,1989 MAY,453.7,monthly,,MM23
CDKO,,1989 JUN,455.3,monthly,,MM23
CDKO,,1989 JUL,455.6,monthly,,MM23
CDKO,,1989 AUG,456.8,monthly,,MM23
CDKO,,1989 SEP,460.0,monthly,,MM23
CDKO,,1989 OCT,463.5,monthly,,MM23
CDKO,,1989 NOV,467.5,monthly,,MM23
CDKO,,1989 DEC,468.7,monthly,,MM23
CDKO,,1990 JAN,471.4,monthly,,MM23
CDKO,,1990 FEB,474.2,monthly,,MM23
CDKO,,1990 MAR,478.9,monthly,,MM23
CDKO,,1990 APR,493.5,monthly,,MM23
CDKO,,1990 MAY,497.9,monthly,,MM23
CDKO,,1990 JUN,499.8,monthly,,MM23
CDKO,,1990 JUL,500.2,monthly,,MM23
CDKO,,1990 AUG,505.4,monthly,,MM23
CDKO,,1990 SEP,510.1,monthly,,MM23
CDKO,,1990 OCT,514.0,monthly,,MM23
CDKO,,1990 NOV,512.9,monthly,,MM23
CDKO,,1990 DEC,512.5,monthly,,MM23
CDKO,,1991 JAN,513.6,monthly,,MM23
CDKO,,1991 FEB,516.4,monthly,,MM23
CDKO,,1991 MAR,518.4,monthly,,MM23
CDKO,,1991 APR,525.1,monthly,,MM23
CDKO,,1991 MAY,526.7,monthly,,MM23
CDKO,,1991 JUN,529.0,monthly,,MM23
CDKO,,1991 JUL,527.8,monthly,,MM23
CDKO,,1991 AUG,529.0,monthly,,MM23
CDKO,,1991 SEP,531.0,monthly,,MM23
CDKO,,1991 OCT,533.0,monthly,,MM23
CDKO,,1991 NOV,534.9,monthly,,MM23
CDKO,,1991 DEC,535.3,monthly,,MM23
CDKO,,1992 JAN,534.9,monthly,,MM23
CDKO,,1992 FEB,537.7,monthly,,MM23
CDKO,,1992 MAR,539.3,monthly,,MM23
CDKO,,1992 APR,547.6,monthly,,MM23
CDKO,,1992 MAY,549.5,monthly,,MM23
CDKO,,1992 JUN,549.5,monthly,,MM23
CDKO,,1992 JUL,547.6,monthly,,MM23
CDKO,,1992 AUG,548.0,monthly,,MM23
CDKO,,1992 SEP,549.9,monthly,,MM23
CDKO,,1992 OCT,551.9,monthly,,MM23
CDKO,,1992 NOV,551.1,monthly,,MM23
CDKO,,1992 DEC,549.1,monthly,,MM23
CDKO,,1993 JAN,544.0,monthly,,MM23
CDKO,,1993 FEB,547.6,monthly,,MM23
CDKO,,1993 MAR,549.5,monthly,,MM23
CDKO,,1993 APR,554.7,monthly,,MM23
CDKO,,1993 MAY,556.6,monthly,,MM23
CDKO,,1993 JUN,556.2,monthly,,MM23
CDKO,,1993 JUL,555.1,monthly,,MM23
CDKO,,1993 AUG,557.4,monthly,,MM23
CDKO,,1993 SEP,559.8,monthly,,MM23
CDKO,,1993 OCT,559.4,monthly,,MM23
CDKO,,1993 NOV,558.6,monthly,,MM23
CDKO,,1993 DEC,559.8,monthly,,MM23
CDKO,,1994 JAN,557.4,monthly,,MM23
CDKO,,1994 FEB,560.6,monthly,,MM23
CDKO,,1994 MAR,562.2,monthly,,MM23
CDKO,,1994 APR,568.9,monthly,,MM23
CDKO,,1994 MAY,570.8,monthly,,MM23
CDKO,,1994 JUN,570.8,monthly,,MM23
CDKO,,1994 JUL,568.1,monthly,,MM23
CDKO,,1994 AUG,570.8,monthly,,MM23
CDKO,,1994 SEP,572.0,monthly,,MM23
CDKO,,1994 OCT,572.8,monthly,,MM23
CDKO,,1994 NOV,573.2,monthly,,MM23
CDKO,,1994 DEC,576.0,monthly,,MM23
CDKO,,1995 JAN,576.0,monthly,,MM23
CDKO,,1995 FEB,579.5,monthly,,MM23
CDKO,,1995 MAR,581.9,monthly,,MM23
CDKO,,1995 APR,587.8,monthly,,MM23
CDKO,,1995 MAY,590.2,monthly,,MM23
CDKO,,1995 JUN,591.0,monthly,,MM23
CDKO,,1995 JUL,588.2,monthly,,MM23
CDKO,,1995 AUG,591.4,monthly,,MM23
CDKO,,1995 SEP,594.1,monthly,,MM23
CDKO,,1995 OCT,591.0,monthly,,MM23
CDKO,,1995 NOV,591.0,monthly,,MM23
CDKO,,1995 DEC,594.5,monthly,,MM23
CDKO,,1996 JAN,592.5,monthly,,MM23
CDKO,,1996 FEB,595.3,monthly,,MM23
CDKO,,1996 MAR,597.7,monthly,,MM23
CDKO,,1996 APR,602.0,monthly,,MM23
CDKO,,1996 MAY,603.2,monthly,,MM23
CDKO,,1996 JUN,603.6,monthly,,MM23
CDKO,,1996 JUL,601.2,monthly,,MM23
CDKO,,1996 AUG,604.0,monthly,,MM23
CDKO,,1996 SEP,606.7,monthly,,MM23
CDKO,,1996 OCT,606.7,monthly,,MM23
CDKO,,1996 NOV,607.1,monthly,,MM23
CDKO,,1996 DEC,609.1,monthly,,MM23
CDKO,,1997 JAN,609.1,monthly,,MM23
CDKO,,1997 FEB,611.5,monthly,,MM23
CDKO,,1997 MAR,613.1,monthly,,MM23
CDKO,,1997 APR,616.6,monthly,,MM23
CDKO,,1997 MAY,619.0,monthly,,MM23
CDKO,,1997 JUN,621.3,monthly,,MM23
CDKO,,1997 JUL,621.3,monthly,,MM23
CDKO,,1997 AUG,625.3,monthly,,MM23
CDKO,,1997 SEP,628.4,monthly,,MM23
CDKO,,1997 OCT,629.2,monthly,,MM23
CDKO,,1997 NOV,629.6,monthly,,MM23
CDKO,,1997 DEC,631.2,monthly,,MM23
CDKO,,1998 JAN,629.2,monthly,,MM23
CDKO,,1998 FEB,632.4,monthly,,MM23
CDKO,,1998 MAR,634.4,monthly,,MM23
CDKO,,1998 APR,641.5,monthly,,MM23
CDKO,,1998 MAY,645.0,monthly,,MM23
CDKO,,1998 JUN,644.6,monthly,,MM23
CDKO,,1998 JUL,643.0,monthly,,MM23
CDKO,,1998 AUG,645.8,monthly,,MM23
CDKO,,1998 SEP,648.6,monthly,,MM23
CDKO,,1998 OCT,649.0,monthly,,MM23
CDKO,,1998 NOV,648.6,monthly,,MM23
CDKO,,1998 DEC,648.6,monthly,,MM23
CDKO,,1999 JAN,644.6,monthly,,MM23
CDKO,,1999 FEB,645.8,monthly,,MM23
CDKO,,1999 MAR,647.4,monthly,,MM23
CDKO,,1999 APR,651.7,monthly,,MM23
CDKO,,1999 MAY,653.3,monthly,,MM23
CDKO,,1999 JUN,653.3,monthly,,MM23
CDKO,,1999 JUL,651.3,monthly,,MM23
CDKO,,1999 AUG,652.9,monthly,,MM23
CDKO,,1999 SEP,655.7,monthly,,MM23
CDKO,,1999 OCT,656.8,monthly,,MM23
CDKO,,1999 NOV,657.6,monthly,,MM23
CDKO,,1999 DEC,660.0,monthly,,MM23
CDKO,,2000 JAN,657.2,monthly,,MM23
CDKO,,2000 FEB,660.8,monthly,,MM23
CDKO,,2000 MAR,664.3,monthly,,MM23
CDKO,,2000 APR,671.0,monthly,,MM23
CDKO,,2000 MAY,673.4,monthly,,MM23
CDKO,,2000 JUN,675.0,monthly,,MM23
CDKO,,2000 JUL,672.6,monthly,,MM23
CDKO,,2000 AUG,672.6,monthly,,MM23
CDKO,,2000 SEP,677.4,monthly,,MM23
CDKO,,2000 OCT,677.0,monthly,,MM23
CDKO,,2000 NOV,678.9,monthly,,MM23
CDKO,,2000 DEC,679.3,monthly,,MM23
CDKO,,2001 JAN,675.0,monthly,,MM23
CDKO,,2001 FEB,678.5,monthly,,MM23
CDKO,,2001 MAR,679.3,monthly,,MM23
CDKO,,2001 APR,682.9,monthly,,MM23
CDKO,,2001 MAY,687.2,monthly,,MM23
CDKO,,2001 JUN,688.0,monthly,,MM23
CDKO,,2001 JUL,683.7,monthly,,MM23
CDKO,,2001 AUG,686.4,monthly,,MM23
CDKO,,2001 SEP,688.8,monthly,,MM23
CDKO,,2001 OCT,687.6,monthly,,MM23
CDKO,,2001 NOV,684.9,monthly,,MM23
CDKO,,2001 DEC,684.1,monthly,,MM23
CDKO,,2002 JAN,683.7,monthly,,MM23
CDKO,,2002 FEB,685.6,monthly,,MM23
CDKO,,2002 MAR,688.4,monthly,,MM23
CDKO,,2002 APR,693.1,monthly,,MM23
CDKO,,2002 MAY,695.1,monthly,,MM23
CDKO,,2002 JUN,695.1,monthly,,MM23
CDKO,,2002 JUL,693.9,monthly,,MM23
CDKO,,2002 AUG,695.9,monthly,,MM23
CDKO,,2002 SEP,700.6,monthly,,MM23
CDKO,,2002 OCT,701.8,monthly,,MM23
CDKO,,2002 NOV,703.0,monthly,,MM23
CDKO,,2002 DEC,704.2,monthly,,MM23
CDKO,,2003 JAN,703.8,monthly,,MM23
CDKO,,2003 FEB,707.3,monthly,,MM23
CDKO,,2003 MAR,709.7,monthly,,MM23
CDKO,,2003 APR,714.8,monthly,,MM23
CDKO,,2003 MAY,716.0,monthly,,MM23
CDKO,,2003 JUN,715.2,monthly,,MM23
CDKO,,2003 JUL,715.2,monthly,,MM23
CDKO,,2003 AUG,716.4,monthly,,MM23
CDKO,,2003 SEP,720.0,monthly,,MM23
CDKO,,2003 OCT,720.4,monthly,,MM23
CDKO,,2003 NOV,720.8,monthly,,MM23
CDKO,,2003 DEC,723.9,monthly,,MM23
CDKO,,2004 JAN,722.3,monthly,,MM23
CDKO,,2004 FEB,725.1,monthly,,MM23
CDKO,,2004 MAR,728.2,monthly,,MM23
CDKO,,2004 APR,732.6,monthly,,MM23
CDKO,,2004 MAY,735.7,monthly,,MM23
CDKO,,2004 JUN,736.9,monthly,,MM23
CDKO,,2004 JUL,736.9,monthly,,MM23
CDKO,,2004 AUG,739.3,monthly,,MM23
CDKO,,2004 SEP,742.1,monthly,,MM23
CDKO,,2004 OCT,744.0,monthly,,MM23
CDKO,,2004 NOV,745.6,monthly,,MM23
CDKO,,2004 DEC,749.2,monthly,,MM23
CDKO,,2005 JAN,745.2,monthly,,MM23
CDKO,,2005 FEB,748.0,monthly,,MM23
CDKO,,2005 MAR,751.5,monthly,,MM23
CDKO,,2005 APR,755.9,monthly,,MM23
CDKO,,2005 MAY,757.4,monthly,,MM23
CDKO,,2005 JUN,758.2,monthly,,MM23
CDKO,,2005 JUL,758.2,monthly,,MM23
CDKO,,2005 AUG,759.8,monthly,,MM23
CDKO,,2005 SEP,761.8,monthly,,MM23
CDKO,,2005 OCT,762.6,monthly,,MM23
CDKO,,2005 NOV,763.8,monthly,,MM23
CDKO,,2005 DEC,765.7,monthly,,MM23
CDKO,,2006 JAN,763.0,monthly,,MM23
CDKO,,2006 FEB,766.1,monthly,,MM23
CDKO,,2006 MAR,769.3,monthly,,MM23
CDKO,,2006 APR,775.2,monthly,,MM23
CDKO,,2006 MAY,779.9,monthly,,MM23
CDKO,,2006 JUN,783.1,monthly,,MM23
CDKO,,2006 JUL,783.1,monthly,,MM23
CDKO,,2006 AUG,785.8,monthly,,MM23
CDKO,,2006 SEP,789.4,monthly,,MM23
CDKO,,2006 OCT,790.6,monthly,,MM23
CDKO,,2006 NOV,793.3,monthly,,MM23
CDKO,,2006 DEC,799.7,monthly,,MM23
CDKO,,2007 JAN,795.3,monthly,,MM23
CDKO,,2007 FEB,801.2,monthly,,MM23
CDKO,,2007 MAR,806.4,monthly,,MM23
CDKO,,2007 APR,810.3,monthly,,MM23
CDKO,,2007 MAY,813.5,monthly,,MM23
CDKO,,2007 JUN,817.8,monthly,,MM23
CDKO,,2007 JUL,813.1,monthly,,MM23
CDKO,,2007 AUG,817.8,monthly,,MM23
CDKO,,2007 SEP,820.6,monthly,,MM23
CDKO,,2007 OCT,824.1,monthly,,MM23
CDKO,,2007 NOV,827.3,monthly,,MM23
CDKO,,2007 DEC,832.0,monthly,,MM23
CDKO,,2008 JAN,827.7,monthly,,MM23
CDKO,,2008 FEB,834.0,monthly,,MM23
CDKO,,2008 MAR,836.7,monthly,,MM23
CDKO,,2008 APR,844.2,monthly,,MM23
CDKO,,2008 MAY,848.6,monthly,,MM23
CDKO,,2008 JUN,855.3,monthly,,MM23
CDKO,,2008 JUL,854.1,monthly,,MM23
CDKO,,2008 AUG,856.9,monthly,,MM23
CDKO,,2008 SEP,861.6,monthly,,MM23
CDKO,,2008 OCT,858.8,monthly,,MM23
CDKO,,2008 NOV,852.1,monthly,,MM23
CDKO,,2008 DEC,839.9,monthly,,MM23
CDKO,,2009 JAN,828.8,monthly,,MM23
CDKO,,2009 FEB,834.0,monthly,,MM23
CDKO,,2009 MAR,833.6,monthly,,MM23
CDKO,,2009 APR,834.4,monthly,,MM23
CDKO,,2009 MAY,839.5,monthly,,MM23
CDKO,,2009 JUN,841.9,monthly,,MM23
CDKO,,2009 JUL,841.9,monthly,,MM23
CDKO,,2009 AUG,845.8,monthly,,MM23
CDKO,,2009 SEP,849.4,monthly,,MM23
CDKO,,2009 OCT,852.1,monthly,,MM23
CDKO,,2009 NOV,854.5,monthly,,MM23
CDKO,,2009 DEC,860.0,monthly,,MM23
CDKO,,2010 JAN,859.6,monthly,,MM23
CDKO,,2010 FEB,864.7,monthly,,MM23
CDKO,,2010 MAR,870.7,monthly,,MM23
CDKO,,2010 APR,878.9,monthly,,MM23
CDKO,,2010 MAY,882.1,monthly,,MM23
CDKO,,2010 JUN,884.1,monthly,,MM23
CDKO,,2010 JUL,882.1,monthly,,MM23
CDKO,,2010 AUG,885.7,monthly,,MM23
CDKO,,2010 SEP,888.8,monthly,,MM23
CDKO,,2010 OCT,890.8,monthly,,MM23
CDKO,,2010 NOV,894.7,monthly,,MM23
CDKO,,2010 DEC,901.0,monthly,,MM23
CDKO,,2011 JAN,903.4,monthly,,MM23
CDKO,,2011 FEB,912.5,monthly,,MM23
CDKO,,2011 MAR,917.2,monthly,,MM23
CDKO,,2011 APR,924.7,monthly,,MM23
CDKO,,2011 MAY,927.9,monthly,,MM23
CDKO,,2011 JUN,927.9,monthly,,MM23
CDKO,,2011 JUL,925.9,monthly,,MM23
CDKO,,2011 AUG,931.4,monthly,,MM23
CDKO,,2011 SEP,938.5,monthly,,MM23
CDKO,,2011 OCT,938.9,monthly,,MM23
CDKO,,2011 NOV,940.9,monthly,,MM23
CDKO,,2011 DEC,944.4,monthly,,MM23
CDKO,,2012 JAN,938.9,monthly,,MM23
CDKO,,2012 FEB,946.4,monthly,,MM23
CDKO,,2012 MAR,950.0,monthly,,MM23
CDKO,,2012 APR,956.7,monthly,,MM23
CDKO,,2012 MAY,956.3,monthly,,MM23
CDKO,,2012 JUN,953.9,monthly,,MM23
CDKO,,2012 JUL,955.1,monthly,,MM23
CDKO,,2012 AUG,958.6,monthly,,MM23
CDKO,,2012 SEP,963.4,monthly,,MM23
CDKO,,2012 OCT,968.9,monthly,,MM23
CDKO,,2012 NOV,968.9,monthly,,MM23
CDKO,,2012 DEC,973.6,monthly,,MM23
CDKO,,2013 JAN,969.7,monthly,,MM23
CDKO,,2013 FEB,976.8,monthly,,MM23
CDKO,,2013 MAR,981.1,monthly,,MM23
CDKO,,2013 APR,984.3,monthly,,MM23
CDKO,,2013 MAY,986.3,monthly,,MM23
CDKO,,2013 JUN,985.1,monthly,,MM23
CDKO,,2013 JUL,985.1,monthly,,MM23
CDKO,,2013 AUG,990.2,monthly,,MM23
CDKO,,2013 SEP,993.7,monthly,,MM23
CDKO,,2013 OCT,993.7,monthly,,MM23
CDKO,,2013 NOV,994.5,monthly,,MM23
CDKO,,2013 DEC,999.7,monthly,,MM23
CDKO,,2014 JAN,996.5,monthly,,MM23
CDKO,,2014 FEB,1002.8,monthly,,MM23
CDKO,,2014 MAR,1005.2,monthly,,MM23
CDKO,,2014 APR,1008.7,monthly,,MM23
CDKO,,2014 MAY,1009.5,monthly,,MM23
CDKO,,2014 JUN,1011.1,monthly,,MM23
CDKO,,2014 JUL,1009.9,monthly,,MM23
CDKO,,2014 AUG,1013.9,monthly,,MM23
CDKO,,2014 SEP,1016.2,monthly,,MM23
CDKO,,2014 OCT,1016.6,monthly,,MM23
CDKO,,2014 NOV,1014.3,monthly,,MM23
CDKO,,2014 DEC,1015.8,monthly,,MM23
CDKO,,2015 JAN,1007.6,monthly,,MM23
CDKO,,2015 FEB,1012.7,monthly,,MM23
CDKO,,2015 MAR,1014.3,monthly,,MM23
CDKO,,2015 APR,1017.8,monthly,,MM23
CDKO,,2015 MAY,1019.8,monthly,,MM23
CDKO,,2015 JUN,1021.4,monthly,,MM23
CDKO,,2015 JUL,1020.2,monthly,,MM23
CDKO,,2015 AUG,1024.9,monthly,,MM23
CDKO,,2015 SEP,1024.1,monthly,,MM23
CDKO,,2015 OCT,1023.7,monthly,,MM23
CDKO,,2015 NOV,1024.9,monthly,,MM23
CDKO,,2015 DEC,1028.1,monthly,,MM23
CDKO,,2016 JAN,1021.0,monthly,,MM23
CDKO,,2016 FEB,1025.7,monthly,,MM23
CDKO,,2016 MAR,1030.0,monthly,,MM23
CDKO,,2016 APR,1031.2,monthly,,MM23
CDKO,,2016 MAY,1034.0,monthly,,MM23
CDKO,,2016 JUN,1037.9,monthly,,MM23
CDKO,,2016 JUL,1039.1,monthly,,MM23
CDKO,,2016 AUG,1043.1,monthly,,MM23
CDKO,,2016 SEP,1045.0,monthly,,MM23
CDKO,,2016 OCT,1044.6,monthly,,MM23
CDKO,,2016 NOV,1047.4,monthly,,MM23
CDKO,,2016 DEC,1053.7,monthly,,MM23
CDKO,,2017 JAN,1047.4,monthly,,MM23
CDKO,,2017 FEB,1058.8,monthly,,MM23
CDKO,,2017 MAR,1062.4,monthly,,MM23
CDKO,,2017 APR,1067.5,monthly,,MM23
CDKO,,2017 MAY,1071.9,monthly,,MM23
CDKO,,2017 JUN,1074.2,monthly,,MM23
CDKO,,2017 JUL,1076.6,monthly,,MM23
CDKO,,2017 AUG,1083.7,monthly,,MM23
CDKO,,2017 SEP,1085.3,monthly,,MM23
CDKO,,2017 OCT,1086.1,monthly,,MM23
CDKO,,2017 NOV,1088.0,monthly,,MM23
CDKO,,2017 DEC,1097.1,monthly,,MM23
CDKO,,2018 JAN,1088.8,monthly,,MM23
CDKO,,2018 FEB,1097.1,monthly,,MM23
CDKO,,2018 MAR,1097.9,monthly,,MM23
CDKO,,2018 APR,1103.4,monthly,,MM23
CDKO,,2018 MAY,1107.4,monthly,,MM23
CDKO,,2018 JUN,1110.5,monthly,,MM23
CDKO,,2018 JUL,1111.3,monthly,,MM23
CDKO,,2018 AUG,1121.2,monthly,,MM23
CDKO,,2018 SEP,1120.8,monthly,,MM23
CDKO,,2018 OCT,1122.4,monthly,,MM23
CDKO,,2018 NOV,1122.7,monthly,,MM23
CDKO,,2018 DEC,1126.7,monthly,,MM23
CDKO,,2019 JAN,1116.4,monthly,,MM23
CDKO,,2019 FEB,1124.3,monthly,,MM23
CDKO,,2019 MAR,1124.7,monthly,,MM23
CDKO,,2019 APR,1136.9,monthly,,MM23
CDKO,,2019 MAY,1140.9,monthly,,MM23
CDKO,,2019 JUN,1142.5,monthly,,MM23
CDKO,,2019 JUL,1142.1,monthly,,MM23
CDKO,,2019 AUG,1150.8,monthly,,MM23
CDKO,,2019 SEP,1148.0,monthly,,MM23
CDKO,,2019 OCT,1145.6,monthly,,MM23
CDKO,,2019 NOV,1148.0,monthly,,MM23
CDKO,,2019 DEC,1151.5,monthly,,MM23
CDKO,,2020 JAN,1146.4,monthly,,MM23
CDKO,,2020 FEB,1151.9,monthly,,MM23
CDKO,,2020 MAR,1154.3,monthly,,MM23
CDKO,,2020 APR,1154.3,monthly,,MM23
CDKO,,2020 MAY,1152.7,monthly,,MM23
CDKO,,2020 JUN,1154.7,monthly,,MM23
CDKO,,2020 JUL,1160.6,monthly,,MM23
CDKO,,2020 AUG,1157.1,monthly,,MM23
CDKO,,2020 SEP,1161.0,monthly,,MM23
CDKO,,2020 OCT,1161.0,monthly,,MM23
CDKO,,2020 NOV,1157.9,monthly,,MM23
CDKO,,2020 DEC,1165.4,monthly,,MM23
CDKO,,2021 JAN,1162.2,monthly,,MM23
CDKO,,2021 FEB,1167.7,monthly,,MM23
CDKO,,2021 MAR,1171.3,monthly,,MM23
CDKO,,2021 APR,1187.8,monthly,,MM23
CDKO,,2021 MAY,1191.0,monthly,,MM23
CDKO,,2021 JUN,1199.3,monthly,,MM23
CDKO,,2021 JUL,1205.2,monthly,,MM23
CDKO,,2021 AUG,1212.7,monthly,,MM23
CDKO,,2021 SEP,1217.4,monthly,,MM23
CDKO,,2021 OCT,1230.8,monthly,,MM23
CDKO,,2021 NOV,1239.9,monthly,,MM23
CDKO,,2021 DEC,1253.3,monthly,,MM23
CDKO,,2022 JAN,1253.3,monthly,,MM23
CDKO,,2022 FEB,1263.2,monthly,,MM23
CDKO,,2022 MAR,1276.2,monthly,,MM23
CDKO,,2022 APR,1320.0,monthly,,MM23
CDKO,,2022 MAY,1329.9,monthly,,MM23
CDKO,,2022 JUN,1341.3,monthly,,MM23
CDKO,,2022 JUL,1353.9,monthly,,MM23
CDKO,,2022 AUG,1361.8,monthly,,MM23
CDKO,,2022 SEP,1371.3,monthly,,MM23
CDKO,,2022 OCT,1405.2,monthly,,MM23
CDKO,,2022 NOV,1413.5,monthly,,MM23
CDKO,,2022 DEC,1421.8,monthly,,MM23
CDKO,,2023 JAN,1421.4,monthly,,MM23
CDKO,,2023 FEB,1438.0,monthly,,MM23
CDKO,,2023 MAR,1448.6,monthly,,MM23
CDKO,,2023 APR,1470.7,monthly,,MM23
CDKO,,2023 MAY,1480.6,monthly,,MM23
CDKO,,2023 JUN,1484.9,monthly,,MM23
CDKO,,2023 JUL,1476.2,monthly,,MM23
CDKO,,2023 AUG,1485.7,monthly,,MM23
CDKO,,2023 SEP,1492.8,monthly,,MM23
CDKO,,2023 OCT,1490.4,monthly,,MM23
CDKO,,2023 NOV,1488.4,monthly,,MM23
CDKO,,2023 DEC,1495.2,monthly,,MM23
CDKO,,2024 JAN,1491.2,monthly,,MM23
CDKO,,2024 FEB,1503.0,monthly,,MM23
CDKO,,2024 MAR,1510.9,monthly,,MM23
CDKO,,2024 APR,1518.8,monthly,,MM23
CDKO,,2024 MAY,1524.3,monthly,,MM23
CDKO,,2024 JUN,1527.9,monthly,,MM23
CDKO,,2024 JUL,1528.7,monthly,,MM23
CDKO,,2024 AUG,1538.2,monthly,,MM23
CDKO,,2024 SEP,1533.0,monthly,,MM23
CDKO,,2024 OCT,1541.3,monthly,,MM23
CDKO,,2024 NOV,1542.1,monthly,,MM23
CDKO,,2024 DEC,1546.8,monthly,,MM23
CDKO,,2025 JAN,1545.3,monthly,,MM23
